time,seconds_elapsed,bpm
1778795444360871680,20.03871488571167,124.00000000000001
1778795450360871680,26.03871488571167,127.0
1778795455360871680,31.03871488571167,136.0
