time,seconds_elapsed,bpm
1780494539000982784,27.531646728515625,132.0
1780494542000982784,30.531646728515625,134.0
