time,seconds_elapsed,bpm
1780771011983419904,33.504042863845825,140.0
1780771015983418880,37.50404191017151,156.0
1780771018983418880,40.50404191017151,154.0
