time,seconds_elapsed,bpm
1781515668828825088,24.707252979278564,103.0
1781515672828825088,28.707252979278564,103.0
1781515674828825088,30.707252979278564,103.0
