time,seconds_elapsed,bpm
1780494329750982656,16.75035071372986,131.0
1780494332750982656,19.75035071372986,130.0
1780494336750982656,23.75035071372986,131.0
