time,seconds_elapsed,bpm
1781552147158406144,15.647001028060913,142.0
1781552148158406144,16.647001028060913,146.0
1781552167158406144,35.64700102806091,164.0
