time,seconds_elapsed,bpm
1781555787956568064,6.674204111099243,89.0
1781555789956568064,8.674204111099243,92.0
1781555825956568064,44.67420411109924,143.0
1781555829956568064,48.67420411109924,144.0
