time,seconds_elapsed,bpm
1780771394895468032,6.841081857681274,94.0
1780771396895468032,8.841081857681274,96.0
1780771400895468032,12.841081857681274,106.0
