time,seconds_elapsed,bpm
1781551795783406080,6.635653018951416,104.0
1781551796783406080,7.635653018951416,103.0
1781551803783406080,14.635653018951416,99.0
1781551806783406080,17.635653018951416,98.0
